[
  {
    "question": "What is the capital of France?",
    "options": ["Paris", "Berlin", "Madrid", "London"],
    "correctIndex": 0,
    "explanation": "Paris is the capital and most populous city of France."
  },
  {
    "question": "Which language runs in a web browser?",
    "options": ["Java", "C", "Python", "JavaScript"],
    "correctIndex": 3,
    "explanation": "JavaScript is the only one among them designed for web browsers."
  },
  {
    "question": "What is the largest planet in our solar system?",
    "options": ["Earth", "Mars", "Jupiter", "Saturn"],
    "correctIndex": 2,
    "explanation": "Jupiter is the largest planet in our solar system."
  },
  {
    "question": "What is the boiling point of water at sea level?",
    "options": ["100°C", "90°C", "80°C", "110°C"],
    "correctIndex": 0,
    "explanation": "Water boils at 100 degrees Celsius at sea level."
  },
  {
    "question": "Who wrote 'Romeo and Juliet'?",
    "options": ["Mark Twain", "Charles Dickens", "William Shakespeare", "Ernest Hemingway"],
    "correctIndex": 2,
    "explanation": "'Romeo and Juliet' is a famous play written by William Shakespeare."
  },
  {
    "question": "What is the chemical symbol for gold?",
    "options": ["Au", "Ag", "Pb", "Fe"],
    "correctIndex": 0,
    "explanation": "The chemical symbol for gold is Au, derived from its Latin name 'Aurum'."
  },
  {
    "question": "Which planet is known as the Red Planet?",
    "options": ["Venus", "Mars", "Jupiter", "Saturn"],
    "correctIndex": 1,
    "explanation": "Mars is often referred to as the Red Planet due to its reddish appearance."
  },
  {
    "question": "What is the main ingredient in guacamole?",
    "options": ["Tomato", "Avocado", "Pepper", "Onion"],
    "correctIndex": 1,
    "explanation": "Avocado is the primary ingredient in guacamole."
  },
  {
    "question": "Who painted the Mona Lisa?",
    "options": ["Vincent van Gogh", "Pablo Picasso", "Leonardo da Vinci", "Claude Monet"],
    "correctIndex": 2,
    "explanation": "'Mona Lisa' was painted by Leonardo da Vinci."
  },
  {
    "question": "What is the hardest natural substance on Earth?",
    "options": ["Gold", "Iron", "Diamond", "Quartz"],
    "correctIndex": 2,
    "explanation": "Diamond is known as the hardest natural substance on Earth."
  },
  {
    "question": "What is the largest mammal in the world?",
    "options": ["Elephant", "Blue Whale", "Giraffe", "Great White Shark"],
    "correctIndex": 1,
    "explanation": "The Blue Whale is the largest mammal and also the largest animal known to have ever existed."
  },
  {
    "question": "What is the primary gas found in the Earth's atmosphere?",
    "options": ["Oxygen", "Carbon Dioxide", "Nitrogen", "Hydrogen"],
    "correctIndex": 2,
    "explanation": "Nitrogen makes up about 78% of the Earth's atmosphere."
  },
  {
    "question": "Who discovered penicillin?",
    "options": ["Marie Curie", "Alexander Fleming", "Louis Pasteur", "Albert Einstein"],
    "correctIndex": 1,
    "explanation": "Penicillin was discovered by Alexander Fleming in 1928."
  },
  {
    "question": "What is the smallest country in the world?",
    "options": ["Monaco", "Vatican City", "San Marino", "Liechtenstein"],
    "correctIndex": 1,
    "explanation": "Vatican City is the smallest country in the world by both area and population."
  },
  {
    "question": "What is H2O commonly known as?",
    "options": ["Salt", "Sugar", "Water", "Hydrogen Peroxide"],
    "correctIndex": 2,
    "explanation": "H2O is the chemical formula for water."
  }
]
  